Hilversum;The Netherlands
Hilversum;The Netherlands
Zaltbommel;The Netherlands
Sint-Michielsgestel;The Netherlands
Venlo;The Netherlands
Venlo;The Netherlands
Schouwen-Duiveland;The Netherlands
North Brabant;The Netherlands
Neder-Betuwe;The Netherlands
Heerlen;The Netherlands
Zederik;The Netherlands
Echt-Susteren;The Netherlands
De Haven;The Netherlands
Zederik;The Netherlands
Cafetaria Angelo;The Netherlands
Venlo;The Netherlands
Drimmelen;The Netherlands
Hilvarenbeek;The Netherlands
Amsterdam;The Netherlands
Den Helder;The Netherlands
Eindhoven;The Netherlands
Amsterdam;The Netherlands
Eindhoven;The Netherlands
Lingewaard;The Netherlands
Sittard-Geleen;The Netherlands
Veere;The Netherlands
Rotterdam;The Netherlands
Haarlemmermeer;The Netherlands
Haarlemmermeer;The Netherlands
Eindhoven;The Netherlands
Bernheze;The Netherlands
Stein;The Netherlands
Steenbergen;The Netherlands
Westervoort;The Netherlands
Amsterdam;The Netherlands
Oisterwijk;The Netherlands
Utrechtse Heuvelrug;The Netherlands
Utrechtse Heuvelrug;The Netherlands
Schouwen-Duiveland;The Netherlands
Tholen;The Netherlands
Nijmegen;The Netherlands
Nijmegen;The Netherlands
Nijmegen;The Netherlands
Nijmegen;The Netherlands
Maarssen;The Netherlands
Kapelle;The Netherlands
Nijmegen;The Netherlands
Arnhem;The Netherlands
Aalsmeer;The Netherlands
Terneuzen;The Netherlands
Sluis;The Netherlands
Urk;The Netherlands
Groningen;The Netherlands
Teylingen;The Netherlands
Enkhuizen;The Netherlands
Amersfoort;The Netherlands
Amsterdam;The Netherlands
Amsterdam;The Netherlands
Breda;The Netherlands
Utrechtse Heuvelrug;The Netherlands
Amsterdam;The Netherlands
Amsterdam;The Netherlands
's-Hertogenbosch;The Netherlands
Alkmaar;The Netherlands
Utrecht;The Netherlands
Veghel;The Netherlands
Antwerp;Belgium
Antwerp;Belgium
Gent;Belgium
Antwerp;Belgium
Antwerpen;Belgium
Stekene;Belgium
Ypres;Belgium
Duffel;Belgium
Sint-Truiden;Belgium
Wetteren;Belgium
Oostende;Belgium
Ronse;Belgium
Antwerpen;Belgium
Blankenberge;Belgium
Mechelen;Belgium
Middelkerke;Belgium
Ostend;Belgium
Nijlen;Belgium
Schoten;Belgium
