Hoogvliet-Zuid;The Netherlands
Smallingerland;The Netherlands
Elferink-Heuwkamp;The Netherlands
Vogelenbuurt;The Netherlands
Walhof-Roessingh;The Netherlands
Assen;The Netherlands
Tubbergen;The Netherlands
Katwijk;The Netherlands
Gorinchem;The Netherlands
Groningen;The Netherlands
Cosy Snackbar;The Netherlands
De Meern;The Netherlands
Schiedam;The Netherlands
The Hague;The Netherlands
Groningen;The Netherlands
Gouda;The Netherlands
The Hague;The Netherlands
Rotterdam;The Netherlands
Trefpunt Cafetaria 't;The Netherlands
Gennep;The Netherlands
Opsterland;The Netherlands
Soest;The Netherlands
Gouda;The Netherlands
Doetinchem;The Netherlands
Zeewolde;The Netherlands
Voorst;The Netherlands
Zeewolde;The Netherlands
Zeewolde;The Netherlands
Utrecht;The Netherlands
Assen;The Netherlands
Smallingerland;The Netherlands
Niedorp;The Netherlands
Steenwijkerland;The Netherlands
Zwolle;The Netherlands
Cafetaria Bos Counter;The Netherlands
Zeevang;The Netherlands
Steenwijkerland;The Netherlands
Apeldoorn;The Netherlands
Zutphen;The Netherlands
Apeldoorn;The Netherlands
Hoorn;The Netherlands
Noordenveld;The Netherlands
Snackbar de Lelyhof;The Netherlands
Voorschoten;The Netherlands
Baarn;The Netherlands
Tynaarlo;The Netherlands
Den Helder;The Netherlands
Sliedrecht;The Netherlands
Uden;The Netherlands
Houten;The Netherlands
Rotterdam;The Netherlands
Rotterdam;The Netherlands
S?dwest Frysl?n;The Netherlands
Cromstrijen;The Netherlands
Amsterdam;The Netherlands
Amsterdam;The Netherlands
Zederik;The Netherlands
Baggelhuizen Midden;The Netherlands
Albrandswaard;The Netherlands
Heerhugowaard;The Netherlands
Westland;The Netherlands
Enkhuizen;The Netherlands
Breda;The Netherlands
Amsterdam;The Netherlands
Haarlemmermeer;The Netherlands
Berkelland;The Netherlands
Utrechtse Heuvelrug;The Netherlands
Amsterdam;The Netherlands
Enschede;The Netherlands
Ameland;The Netherlands
Winsum;The Netherlands
Leek;The Netherlands
Utrecht;The Netherlands
Almere;The Netherlands
Grimbergen;Belgium
Boutersem;Belgium
Boutersem;Belgium
Beernem;Belgium
